AAW70848	GO:0004140,GO:0005524,GO:0015937
AAW71108	GO:0006099,GO:0003824,GO:0005524,GO:0046872
AAW71213	GO:0008137
AAW71030	GO:0016021
AAW70829	GO:0003824
AAW70690	GO:0004152,GO:0006222,GO:0005737,GO:0016627,GO:0006207,GO:0016020
AAW70887	GO:0016620,GO:0051287,GO:0006006,GO:0050661
AAW70992	.
AAW71043	GO:0005524,GO:0046872
AAW70938	GO:0005524,GO:0006457,GO:0140662
AAW71047	GO:0015078,GO:0015986,GO:0045263,GO:0033177,GO:1902600
AAW71051	GO:0006508,GO:0008234
AAW71137	GO:0008252,GO:0016787
AAW71370	GO:0016114,GO:0046429,GO:0044237,GO:0005506,GO:0008299
AAW70602	GO:0015288,GO:0016020
AAW70781	GO:0006353,GO:0003723,GO:0006355
AAW70704	GO:0005515,GO:0051301
AAW71358	GO:0005515,GO:0004252,GO:0006508
AAW71230	GO:0003723,GO:0004523,GO:0003676
AAW70989	GO:0003735,GO:0005840,GO:0006412
AAW70888	GO:0003678,GO:0005524,GO:0006260,GO:0003677
AAW71031	GO:0003922,GO:0005524,GO:0006164,GO:0006177,GO:0016462
AAW70979	.
AAW70711	GO:0005525,GO:0003924,GO:0000287
AAW71167	GO:0008270
AAW70862	GO:0004019,GO:0005525,GO:0006164
AAW70798	GO:0004739,GO:0006086,GO:0043231,GO:0016624
AAW70741	GO:0004176,GO:0004222,GO:0005524,GO:0006508,GO:0016020,GO:0016887,GO:0008270,GO:0016021
AAW71102	.
AAW70772	GO:0005737,GO:0009408,GO:0042026,GO:0005524,GO:0016887
AAW71249	GO:0003677,GO:0030527,GO:0006310,GO:0006355
AAW70611	GO:0003723,GO:0006396,GO:0004654,GO:0006402,GO:0003676
AAW70667	GO:0008658
AAW71041	GO:0004812,GO:0005524,GO:0043039,GO:0000166,GO:0004818,GO:0006424,GO:0008270,GO:0006418,GO:0000049
AAW71315	GO:0006508,GO:0008237
AAW70685	GO:0004045
AAW71222	GO:0017004,GO:0020037,GO:0015232,GO:0015886,GO:0016020
AAW71117	.
AAW70844	GO:0004044,GO:0009113
AAW70689	GO:0004332,GO:0016829
AAW71385	GO:0005524
AAW70721	GO:0006364,GO:0005840,GO:0043022
AAW71255	GO:0005525,GO:0003924
AAW70724	GO:0003824,GO:0009058,GO:0030170,GO:0016740,GO:0003870,GO:0033014
AAW71062	GO:0008137,GO:0010181,GO:0051539,GO:0051287
AAW71164	.
AAW71388	GO:0016787
AAW70710	GO:0000015,GO:0000287,GO:0004634,GO:0006096
AAW71286	GO:0004129,GO:0016020,GO:0022904,GO:0009055,GO:0019646
AAW71363	GO:0008121,GO:0009055,GO:0045275,GO:0016020,GO:0016491,GO:0022904
AAW71256	GO:0006633,GO:0050080
AAW70655	GO:0005524,GO:0016226,GO:0051536,GO:0140663
AAW70968	GO:0016831
AAW71246	GO:0003735,GO:0005840,GO:0006412
AAW70647	GO:0005515,GO:0004222,GO:0006508,GO:0016021
AAW71333	GO:0003676,GO:0005524,GO:0003677,GO:0003678,GO:0006260,GO:0032508
AAW71357	GO:0016021,GO:0052547,GO:0016020
AAW71091	GO:0004018,GO:0009152,GO:0003824
AAW71304	GO:0030001,GO:0046872
AAW70671	GO:0005887,GO:0008961,GO:0042158
AAW71226	GO:0003725
AAW70924	GO:0003723,GO:0003735,GO:0006412,GO:0003676
AAW70958	GO:0000166,GO:0004820,GO:0005524,GO:0005737,GO:0006426
AAW71371	.
AAW71138	.
AAW70843	GO:0003677,GO:0003905,GO:0006284,GO:0003824
AAW71148	GO:0005515
AAW71219	GO:0003824,GO:0006725,GO:0008199,GO:0018578,GO:0005506,GO:0016702
AAW71257	.
AAW70882	.
AAW71316	GO:0004852,GO:0033014,GO:0006780
AAW70780	GO:0000906,GO:0009231,GO:0009349
AAW70852	GO:0003677,GO:0006289,GO:0009380,GO:0016887,GO:0005524
AAW71034	GO:0016812,GO:0004151,GO:0006221,GO:0046872,GO:0016787,GO:0016810
AAW70633	GO:0004638,GO:0006189,GO:0005524,GO:0046872
AAW70608	GO:0008137,GO:0042773
AAW71089	GO:0003735,GO:0005840,GO:0006412
AAW71141	GO:0004176,GO:0004252,GO:0006508
AAW71307	GO:0004325,GO:0006783
AAW71263	.
AAW71240	GO:0032784,GO:0006355
AAW70898	GO:0015031,GO:0016021
AAW71345	GO:0016226,GO:0051536
AAW70857	GO:0019867
AAW71154	GO:0004791,GO:0005737,GO:0019430,GO:0016491
AAW71038	.
AAW70641	GO:0005525,GO:0006614,GO:0003924,GO:0048500,GO:0008312
AAW71383	GO:0030255
AAW71118	GO:0003755
AAW71260	.
AAW70807	GO:0005524,GO:0016021,GO:0030253,GO:0030256,GO:0055085,GO:0140359
AAW71073	GO:0000104,GO:0006099,GO:0016021,GO:0020037,GO:0016020,GO:0016627
AAW71280	GO:0000049,GO:0004526,GO:0008033
AAW71185	GO:0004367,GO:0005975,GO:0006072,GO:0009331,GO:0016616,GO:0046168,GO:0051287,GO:0016491
AAW70830	GO:0008137,GO:0016651
AAW70612	GO:0003735,GO:0005840,GO:0006412
AAW70816	.
AAW70824	GO:0009249,GO:0033819,GO:0006464
AAW71050	GO:0008033,GO:0017150,GO:0050660,GO:0016491
AAW71221	GO:0005524,GO:0016772,GO:0008641
AAW70861	.
AAW71162	GO:0003735,GO:0005840,GO:0006412
AAW70920	GO:0003735,GO:0005840,GO:0006412,GO:0015934
AAW71077	GO:0008168,GO:0003723,GO:0006396,GO:0008173
AAW71268	GO:0004817,GO:0005524,GO:0006423,GO:0000166,GO:0005737,GO:0004812,GO:0006418
AAW71033	GO:0000166,GO:0004818,GO:0005524,GO:0006424,GO:0004812,GO:0043039,GO:0006418,GO:0000049
AAW70814	GO:0097367,GO:1901135,GO:0004360,GO:1901137
AAW71360	.
AAW70735	GO:0008199,GO:0006826,GO:0006879
AAW70716	GO:0016651,GO:0048038,GO:0051287
AAW71134	GO:0016787
AAW70890	.
AAW70976	GO:0015075,GO:0016021,GO:0034220
AAW71037	GO:0008666,GO:0009089
AAW71197	GO:0003676,GO:0006139,GO:0008408
AAW71229	.
AAW71324	GO:0003755
AAW70684	GO:0003735,GO:0005840,GO:0006412,GO:0008097
AAW71085	GO:0003735,GO:0005840,GO:0006412
AAW70725	.
AAW70872	GO:0016020
AAW71365	GO:0004418,GO:0018160,GO:0033014
AAW71006	GO:0046872
AAW71064	.
AAW71236	GO:0003735,GO:0005840,GO:0006412
AAW70613	GO:0003824
AAW71298	GO:0000160,GO:0000155,GO:0007165,GO:0016310,GO:0016772
AAW70653	GO:0005525,GO:0003924
AAW70768	GO:0008839,GO:0009089
AAW71172	GO:0004497,GO:0006744
AAW70743	GO:0016021
AAW70941	GO:0015288,GO:0016020
AAW70766	GO:0005887,GO:0043190,GO:0055085
AAW71188	GO:0051537,GO:0051536,GO:0006099,GO:0016491,GO:0009055
AAW70699	GO:0008168
AAW70790	.
AAW71247	.
AAW71059	GO:0016020,GO:0016651,GO:0051539
AAW71250	GO:0016226
AAW70885	GO:0005515
AAW70599	GO:0005525,GO:0003723
AAW71036	GO:0006099,GO:0016627,GO:0050660,GO:0016491,GO:0022900
AAW71160	GO:0003677,GO:0030527
AAW70963	GO:0016020
AAW70907	GO:0003899,GO:0006351,GO:0046983,GO:0003677
AAW70811	GO:0004784,GO:0006801,GO:0046872
AAW71165	GO:0001510,GO:0008168,GO:0032259
AAW71174	GO:0005525
AAW71374	GO:0000166,GO:0004832,GO:0005524,GO:0006438,GO:0004812,GO:0006418,GO:0002161
AAW71216	GO:0005524,GO:0016787,GO:0003677,GO:0003678
AAW70783	GO:0047429
AAW70802	GO:0003697,GO:0006260
AAW70764	GO:0016114,GO:0050515,GO:0005524
AAW70742	GO:0000166,GO:0005524,GO:0008033,GO:0016879
AAW70773	GO:0004352,GO:0019551
AAW70880	.
AAW70995	GO:0000179,GO:0006364,GO:0000154,GO:0008649
AAW71013	GO:0008654,GO:0016020,GO:0016780
AAW71136	GO:0003911,GO:0006260,GO:0006281
AAW71314	.
AAW70648	.
AAW71126	GO:0003723,GO:0003676,GO:0006353,GO:0031564,GO:0003700,GO:0031554,GO:0000166
AAW71373	GO:0006457,GO:0051082,GO:0031072,GO:0005524,GO:0009408
AAW70870	.
AAW71199	GO:0002098,GO:0008033,GO:0050660
AAW71330	GO:0004222,GO:0005576,GO:0006508,GO:0008270
AAW70638	GO:0019288,GO:0046872,GO:0050992,GO:0051745
AAW70889	.
AAW71153	.
AAW70755	.
AAW71202	GO:0016746,GO:0004315,GO:0006633
AAW71292	GO:0016884,GO:0003824,GO:0016874
AAW70645	GO:0051082
AAW70618	GO:0008270,GO:0016787,GO:0008703,GO:0009231,GO:0050661,GO:0008835,GO:0003824
AAW71139	GO:0004176,GO:0004252,GO:0005524,GO:0006508,GO:0043565,GO:0016887,GO:0030163
AAW71369	.
AAW71179	.
AAW71035	GO:0005515
AAW70977	GO:0005451,GO:0098662
AAW71123	GO:0004659,GO:0016021,GO:0016765
AAW70972	.
AAW70593	GO:0004853,GO:0006779
AAW71072	.
AAW70967	GO:0003824
AAW71264	GO:0097573,GO:0015036
AAW70914	GO:0003735,GO:0005840,GO:0006412
AAW70664	GO:0003824
AAW71366	GO:0050660,GO:0016491,GO:0008762,GO:0071949
AAW70929	GO:0003735,GO:0005840,GO:0006412
AAW70892	GO:0009107,GO:0016992,GO:0051539,GO:0003824,GO:0051536
AAW71346	GO:0001671,GO:0044571,GO:0051087,GO:0051259
AAW70623	.
AAW71234	.
AAW70943	GO:0000287,GO:0004170,GO:0006226,GO:0046081
AAW70822	GO:0016020,GO:0055085
AAW70827	GO:0005524,GO:0009058,GO:0016874,GO:0047480,GO:0071555
AAW70603	GO:0022857,GO:0055085
AAW70665	GO:0004488,GO:0003824
AAW70759	GO:0008270,GO:0016787,GO:0002100,GO:0008251,GO:0003824
AAW71396	GO:0003735,GO:0006412,GO:0015935,GO:0005840
AAW71362	GO:0009055,GO:0020037
AAW70771	.
AAW71176	GO:0016874
AAW71040	.
AAW70731	.
AAW71135	.
AAW71131	GO:0003677,GO:0003887,GO:0006260,GO:0003676
AAW71392	GO:0016765
AAW70840	GO:0003678,GO:0006281,GO:0006310,GO:0005524,GO:0009378,GO:0009379
AAW70923	GO:0003735,GO:0006412,GO:0019843,GO:0005840
AAW70719	GO:0000155,GO:0007165,GO:0016310,GO:0016772
AAW71074	GO:0000104,GO:0006099,GO:0009055,GO:0016020,GO:0016627,GO:0045281
AAW71008	GO:0004644,GO:0006189,GO:0009058,GO:0016742
AAW71158	GO:0005524,GO:0046872,GO:0008716,GO:0005737
AAW71224	GO:0008033
AAW70636	GO:0016020,GO:0022857,GO:0055085
AAW70640	.
AAW70763	GO:0005524,GO:0016787,GO:0003677,GO:0003678
AAW70792	GO:0022857,GO:0016021,GO:0042910,GO:1990961,GO:0055085
AAW71348	GO:0006508,GO:0008236,GO:0016020,GO:0004252,GO:0006465,GO:0016021
AAW70662	GO:0050660
AAW71318	.
AAW71303	GO:0005524
AAW70818	GO:0004639,GO:0006164,GO:0009236
AAW70904	GO:0015986,GO:0046933,GO:0016020
AAW70760	GO:0003883,GO:0006221,GO:0006241
AAW70919	GO:0003735,GO:0005840,GO:0006412,GO:0003723
AAW71011	GO:0005886,GO:0008654,GO:0043772
AAW71209	GO:0008137,GO:0042773
AAW70774	.
AAW71045	GO:0004176,GO:0004222,GO:0005524,GO:0006508
AAW71375	GO:0004590,GO:0044205,GO:0006207
AAW71317	GO:0006281,GO:0008853,GO:0003824,GO:0004518,GO:0003677,GO:0004519
AAW70952	GO:0003824,GO:0051536,GO:0006400,GO:0016740,GO:0051539,GO:0035596
AAW71238	GO:0003723,GO:0003735,GO:0006412,GO:0015934
AAW70778	GO:0004190,GO:0006508
AAW70620	GO:0003824,GO:0030170,GO:0031071,GO:0044571
AAW71159	GO:0090529
AAW71087	GO:0006260,GO:0008408,GO:0003824
AAW70903	GO:0015986,GO:0045261,GO:0046933,GO:0046034,GO:1902600,GO:0005524,GO:0032559
AAW71205	GO:0043190
AAW71387	GO:0000166,GO:0004824,GO:0005524,GO:0005737,GO:0006430,GO:0000049
AAW71119	GO:0003735,GO:0005840,GO:0006412
AAW71132	.
AAW71147	GO:0016491,GO:0050660,GO:0016668,GO:0004148,GO:0045454
AAW70925	GO:0003735,GO:0005840,GO:0006412,GO:0015934
AAW71112	.
AAW70715	GO:0006281,GO:0006310,GO:0008409,GO:0003676
AAW70981	GO:0003700,GO:0006352,GO:0006355,GO:0003677,GO:0016987
AAW70832	GO:0016651,GO:0008137
AAW70913	GO:0003735,GO:0006412,GO:0015935,GO:0005840,GO:0003723
AAW70808	GO:0002949
AAW71127	GO:0016491,GO:0003700,GO:0003842,GO:0004657,GO:0006355,GO:0010133,GO:0016620,GO:0006561
AAW70693	GO:0003824,GO:0051536,GO:0016740,GO:0035596,GO:0051539,GO:0006400
AAW71293	GO:0015986,GO:0045261,GO:0046933
AAW71053	GO:0004637,GO:0009113,GO:0005524,GO:0046872
AAW71377	GO:0015293,GO:0016021
AAW70736	GO:0016020
AAW71144	GO:0004363,GO:0005524,GO:0006750,GO:0046872
AAW70869	.
AAW71121	GO:0000774,GO:0006457,GO:0042803,GO:0051087
AAW70746	GO:0008033,GO:0016740,GO:0016783
AAW70800	GO:0016772,GO:0016310,GO:0005524,GO:0006090,GO:0050242,GO:0003824,GO:0016301
AAW70980	.
AAW70982	GO:0005515
AAW70617	GO:0016793
AAW70845	.
AAW71171	GO:0000287,GO:0004427,GO:0005737,GO:0006796
AAW71163	GO:0015562,GO:0055085
AAW70703	GO:0006508,GO:0070006
AAW71146	.
AAW70654	.
AAW70962	.
AAW71084	GO:0003723,GO:0004540,GO:0006396
AAW70723	GO:0046855
AAW70997	GO:0008685,GO:0016114,GO:0070567
AAW71262	GO:0051287,GO:0004471
AAW70834	GO:0016788,GO:0004536
AAW70846	GO:0005524,GO:0006298,GO:0030983,GO:0140664
AAW71206	GO:0005524
AAW71242	GO:0004088,GO:0006207,GO:0006541
AAW71276	GO:0015986,GO:0045261,GO:0046933
AAW71391	GO:0016020,GO:0016772
AAW71248	GO:0003677,GO:0006355
AAW70627	.
AAW71201	.
AAW70894	GO:0004523,GO:0003676
AAW70615	GO:0005524,GO:0016020,GO:0042953
AAW70775	GO:0000160
AAW70706	.
AAW71181	GO:0006400,GO:0016763,GO:0008479,GO:0101030
AAW70718	GO:0016209,GO:0016491
AAW71220	GO:0003735,GO:0005840,GO:0006412
AAW71210	GO:0008137,GO:0042773
AAW71282	GO:0005515
AAW70624	GO:0003924,GO:0005525,GO:0006400,GO:0005515
AAW70694	GO:0006450
AAW71187	.
AAW71225	.
AAW70849	GO:0018580
AAW71155	GO:0051920,GO:0016209,GO:0016491
AAW70637	GO:0016020,GO:0022857,GO:0055085
AAW71296	GO:0003676,GO:0005524,GO:0003724
AAW71322	GO:0003723,GO:0003735,GO:0005840,GO:0006412
AAW71007	GO:0046872
AAW71186	GO:0008080
AAW70906	GO:0003735,GO:0005840,GO:0006412
AAW70961	GO:0004655,GO:0033014,GO:0046872
AAW70933	GO:0005525,GO:0003924,GO:0003746,GO:0006414
AAW71048	GO:0015078,GO:0015986,GO:0045263
AAW70749	GO:0006071,GO:0006094,GO:0042132
AAW71356	GO:0016021
AAW71278	GO:0016020,GO:0055085,GO:0005315,GO:0006817,GO:0016021
AAW71060	GO:0004829,GO:0005524,GO:0005737,GO:0006435,GO:0004812,GO:0043039,GO:0000166,GO:0006418
AAW71239	GO:0003735,GO:0005840,GO:0006412
AAW70836	.
AAW71068	GO:0005975,GO:0016868,GO:0071704,GO:0000287
AAW70984	GO:0005524,GO:0006298,GO:0030983,GO:0016887,GO:0032300,GO:0140664
AAW71095	GO:0051537,GO:0140647,GO:0051536
AAW71161	GO:0003735,GO:0005840,GO:0006412
AAW70842	.
AAW71283	GO:0006260,GO:0004748,GO:0005524
AAW71000	GO:0004821,GO:0005524,GO:0006427,GO:0005737
AAW71212	GO:0016651,GO:0042773
AAW71156	GO:0009014,GO:0009089,GO:0016787
AAW70983	GO:0004591,GO:0006099,GO:0030976,GO:0016624
AAW70975	GO:0003899,GO:0006351,GO:0003677
AAW70642	.
AAW70909	GO:0003723,GO:0003735,GO:0005840,GO:0006412,GO:0003676
AAW71090	GO:0003735,GO:0005840,GO:0006412
AAW71145	GO:0016758,GO:0005975,GO:0030259,GO:0050511
AAW71017	GO:0003677,GO:0006260,GO:0009360,GO:0003887,GO:0008408
AAW71128	.
AAW71267	.
AAW70973	GO:0004070,GO:0006207,GO:0006520,GO:0016597,GO:0016743
AAW71012	GO:0006814,GO:0015655,GO:0016020,GO:0032328
AAW71204	GO:0003735,GO:0006412,GO:0015934
AAW70739	GO:0004798,GO:0005524,GO:0006233
AAW71208	GO:0006464,GO:0004077
AAW71277	GO:0005524,GO:0046034,GO:1902600,GO:0015986,GO:0045261,GO:0046933
AAW71397	GO:0050660
AAW70714	GO:0009055,GO:0020037
AAW70756	.
AAW71027	GO:0006744,GO:0045333,GO:0048039
AAW71071	GO:0016021,GO:0042953,GO:0016020
AAW70971	GO:0006812,GO:0008324,GO:0016021,GO:0055085
AAW71044	GO:0006784,GO:0016021,GO:0016653,GO:0016020
AAW71009	GO:0006812,GO:0008324,GO:0016021
AAW70737	GO:0006813,GO:0006812,GO:0015299,GO:0016021,GO:0055085
AAW70847	GO:0003676,GO:0006139,GO:0008408,GO:0000166,GO:0044237
AAW70970	.
AAW71320	GO:0003677,GO:0015074,GO:0006310
AAW70806	.
AAW70777	GO:0006886,GO:0015450
AAW70817	GO:0004641,GO:0006189
AAW71321	GO:0016746
AAW71182	GO:0016491
AAW70999	GO:0003824,GO:0003937,GO:0004643,GO:0006164
AAW71086	GO:0003677
AAW70897	GO:0004129,GO:0005507,GO:0016020,GO:0016021,GO:0016491,GO:0022900
AAW71173	GO:0006457,GO:0015035,GO:0016021
AAW70619	.
AAW71272	GO:0004618,GO:0006096
AAW70902	GO:0003677,GO:0032784,GO:0070063
AAW71142	GO:0006457,GO:0015031,GO:0003755
AAW70656	GO:0006744,GO:0016705,GO:0050660,GO:0008681,GO:0071949,GO:0016709
AAW71227	.
AAW70860	GO:0004642,GO:0006189
AAW70864	GO:0004356,GO:0006807,GO:0003824
AAW70964	GO:0016491,GO:0008137,GO:0016020,GO:0042773,GO:0016651,GO:0051536
AAW71184	GO:0000160,GO:0003677,GO:0006355
AAW70729	GO:0005524,GO:0006457,GO:0016887,GO:0051082
AAW70609	GO:0016020,GO:0032981
AAW70866	GO:0016787
AAW71080	GO:0005524,GO:0009058,GO:0005737,GO:0008360,GO:0016881,GO:0051301,GO:0016874
AAW71232	GO:0000166,GO:0003677,GO:0005524
AAW70631	GO:0016020,GO:0055085
AAW71325	GO:0008299
AAW71196	GO:0015035
AAW70750	GO:0005524,GO:0005525,GO:0016887
AAW70831	GO:0008137,GO:0048038,GO:0051539,GO:0051536
AAW71169	.
AAW71334	GO:0006281,GO:0006310,GO:0003677
AAW71265	GO:0005524,GO:0006826,GO:0015408,GO:0016020,GO:0055085
AAW71193	GO:0000166,GO:0004812,GO:0005524,GO:0006418,GO:0002161,GO:0004823,GO:0006429
AAW70801	GO:0016829,GO:0008840,GO:0009089
AAW71352	GO:0003677,GO:0003918,GO:0005524,GO:0006265,GO:0005694
AAW71235	GO:0003677,GO:0003899,GO:0006351,GO:0032549
AAW71274	GO:0005975,GO:0016832
AAW71149	GO:0016491,GO:0045454,GO:0050660,GO:0016668,GO:0004148
AAW70594	GO:0003824,GO:0009058,GO:0030170
AAW71244	GO:0009058,GO:0016742,GO:0004479,GO:0071951,GO:0003824
AAW70867	GO:0003935,GO:0009231
AAW71133	GO:0005747,GO:0022900
AAW71157	GO:0009055
AAW71005	GO:0004190,GO:0006508,GO:0016020
AAW70745	GO:0000902
AAW71020	.
AAW71082	.
AAW70770	GO:0005515,GO:0008299,GO:0030604,GO:0046872,GO:0070402
AAW70841	GO:0006281,GO:0006310,GO:0009378,GO:0003677,GO:0005524
AAW71098	.
AAW70876	GO:0005515
AAW70717	GO:0003697,GO:0005524,GO:0006281
AAW70978	.
AAW71093	.
AAW70660	.
AAW70614	GO:0016787
AAW71129	GO:0015031,GO:0051082,GO:0051262
AAW71024	GO:0008171
AAW70785	GO:0003677,GO:0003896,GO:0006260,GO:0008270,GO:0006269
AAW71335	GO:0006086,GO:0045254,GO:0016746,GO:0004742,GO:0006090
AAW70722	GO:0005737,GO:0043043,GO:0003746,GO:0006414
AAW71269	.
AAW70720	GO:0003824,GO:0008483,GO:0030170
AAW71113	GO:0005515
AAW70960	GO:0006289,GO:0009380,GO:0009381,GO:0005515
AAW70670	GO:0000287,GO:0008897,GO:0006633
AAW70744	GO:0004181,GO:0006508
AAW70758	GO:0016021,GO:0022857,GO:0055085
AAW71175	.
AAW71379	GO:0008168,GO:0031167,GO:0003676,GO:0032259
AAW70985	GO:0006189
AAW70610	GO:0015914
AAW70651	GO:0003676
AAW70695	GO:0000287,GO:0004749,GO:0009165
AAW71122	GO:0000166,GO:0004812,GO:0005524,GO:0006418,GO:0004830,GO:0006436
AAW70988	GO:0003951,GO:0019674,GO:0006741
AAW71092	GO:0004333,GO:0006106,GO:0045239,GO:0006099,GO:0016829,GO:0003824
AAW71381	GO:0030255
AAW71341	GO:0018580
AAW71359	.
AAW71057	.
AAW70994	GO:0051537,GO:0016020,GO:0008121
AAW70959	GO:0000166,GO:0004820,GO:0005524,GO:0005737,GO:0006426,GO:0004814,GO:0006420
AAW70895	GO:0006783,GO:0008495,GO:0016021,GO:0016765
AAW70630	.
AAW70680	GO:0000287,GO:0000902,GO:0003977,GO:0005737,GO:0006048,GO:0009252,GO:0019134
AAW70666	GO:0005975,GO:0016810
AAW71023	GO:0005515,GO:0006749
AAW70649	.
AAW71389	GO:0003824,GO:0009058,GO:0004595,GO:0015937
AAW70705	GO:0042586
AAW71106	GO:0005737,GO:0008837,GO:0009089
AAW71192	.
AAW70625	.
AAW70926	GO:0003735,GO:0005840,GO:0006412,GO:0015935
AAW71029	GO:0004072,GO:0008652,GO:0009089
AAW70986	.
AAW71097	GO:0006744,GO:0008289
AAW71289	GO:0003723,GO:0003735,GO:0005840,GO:0006412
AAW71302	GO:0006744
AAW71088	GO:0003735,GO:0005840,GO:0006412,GO:0019843
AAW71177	GO:0003906,GO:0006284,GO:0008270,GO:0019104,GO:0016799,GO:0003677,GO:0006281,GO:0003684,GO:0008534,GO:0003676
AAW71279	GO:0003735,GO:0005840,GO:0006412
AAW71143	.
AAW71284	GO:0006364,GO:0006139
AAW71096	GO:0005524,GO:0009058,GO:0016874,GO:0005737,GO:0008360,GO:0008764,GO:0051301,GO:0004326,GO:0009396
AAW71287	GO:0004478,GO:0005524,GO:0006556
AAW70974	GO:0003677
AAW71372	.
AAW71376	GO:0016020,GO:0022857,GO:0055085,GO:0006886,GO:0015450
AAW70616	.
AAW71018	.
AAW70915	GO:0003735,GO:0005840,GO:0006412,GO:0019843
AAW70896	GO:0004129,GO:0015990,GO:0009060,GO:0016021,GO:0020037,GO:0045277
AAW71266	GO:0016021,GO:0043953,GO:0015031
AAW70908	GO:0003735,GO:0005840,GO:0006412
AAW71395	GO:0003746,GO:0006414,GO:0005515
AAW71252	GO:0003824,GO:0004802
AAW71327	GO:0006633,GO:0016747,GO:0004315,GO:0016746
AAW71258	.
AAW71022	GO:0003887,GO:0005524,GO:0006260,GO:0009360,GO:0003677
AAW71100	GO:0005524,GO:0046872,GO:0006807
AAW71083	GO:0005524,GO:0140662,GO:0006457,GO:0051082
AAW70948	GO:0016788
AAW70644	GO:0006633,GO:0016836
AAW70762	.
AAW70796	GO:0000166,GO:0004812,GO:0005524,GO:0006418,GO:0004814,GO:0005737,GO:0006420
AAW71340	.
AAW71001	GO:0005506,GO:0016226,GO:0051536
AAW71354	GO:0010038
AAW71168	GO:0004385,GO:0006163
AAW70708	GO:0016829
AAW71052	GO:0000166,GO:0004828,GO:0005524,GO:0006434,GO:0004812,GO:0006418
AAW70709	GO:0005524,GO:0009058,GO:0016874,GO:0008763
AAW71207	GO:0017003,GO:0017004,GO:0020037,GO:0005886
AAW70993	GO:0003918,GO:0005524,GO:0003677,GO:0006259,GO:0006265,GO:0003916,GO:0005694
AAW71299	.
AAW71015	GO:0003697,GO:0005524,GO:0006281,GO:0003677,GO:0006259,GO:0008094,GO:0140664
AAW70953	GO:0006284,GO:0003677,GO:0003906,GO:0003824,GO:0006281
AAW70596	GO:0022857,GO:0055085
AAW70629	GO:0003677,GO:0003916,GO:0006265,GO:0003917,GO:0005694
AAW71061	GO:0003743,GO:0006413
AAW70921	GO:0003735,GO:0005840,GO:0006412
AAW70912	GO:0003735,GO:0006412,GO:0015934
AAW70998	GO:0005524,GO:0016021
AAW70858	.
AAW70797	GO:0001522,GO:0003723,GO:0009451,GO:0009982
AAW70835	GO:0016787
AAW70949	GO:0000166,GO:0004813,GO:0005524,GO:0006419,GO:0005737,GO:0004812,GO:0043039,GO:0003676
AAW70918	GO:0003735,GO:0005840,GO:0006412
AAW70839	GO:0008270
AAW71019	GO:0003700,GO:0006352,GO:0006355,GO:0003677,GO:0016987
AAW70691	GO:0004525,GO:0006396,GO:0003723,GO:0006364
AAW70632	.
AAW71313	GO:0003677,GO:0003824,GO:0003887,GO:0006260,GO:0003676,GO:0006261
AAW70734	.
AAW71294	GO:0006508,GO:0008237
AAW71026	.
AAW70819	GO:0008033,GO:0052906
AAW71261	GO:0008654,GO:0016020,GO:0016780,GO:0008444,GO:0016021
AAW71311	GO:0005524,GO:0008233,GO:0009376,GO:0016887
AAW70646	GO:0071709,GO:0019867
AAW71200	GO:0070006,GO:0016787
AAW70643	GO:0016491,GO:0051536
AAW70928	GO:0003735,GO:0005840,GO:0006412
AAW70712	.
AAW71130	.
AAW70769	GO:0005524,GO:0005315,GO:0016020,GO:0035435
AAW71021	GO:0003677
AAW70930	GO:0003735,GO:0005840,GO:0006412
AAW70793	GO:0008168
AAW70751	GO:0003723,GO:0006396,GO:0016779
AAW70799	.
AAW70868	GO:0030255,GO:0016020
AAW70787	GO:0000166,GO:0004812,GO:0005524,GO:0006418,GO:0004825,GO:0006431
AAW71394	GO:0006221,GO:0009041,GO:0005737,GO:0033862
AAW71189	GO:0004222,GO:0006364
AAW70663	GO:0003677
AAW70917	GO:0003735,GO:0005840,GO:0006412
AAW71211	GO:0008137,GO:0042773
AAW70765	.
AAW70931	GO:0003735,GO:0005840,GO:0006412
AAW71109	GO:0003735,GO:0005840,GO:0006412
AAW71310	GO:0005839,GO:0051603,GO:0004298,GO:0006508,GO:0009376
AAW71384	GO:0030255
AAW70784	.
AAW70946	GO:0003747,GO:0006415,GO:0016149
AAW70927	GO:0003723,GO:0003735,GO:0006412,GO:0015934,GO:0016740,GO:0005840
AAW70826	.
AAW70635	.
AAW70702	GO:0002949
AAW71115	GO:0016491,GO:0003824,GO:0003938,GO:0006164
AAW71194	.
AAW71140	GO:0005524,GO:0016887,GO:0008270,GO:0046983,GO:0006457,GO:0051082,GO:0140662
AAW71347	GO:0005524,GO:0006457,GO:0016226,GO:0016887,GO:0051082,GO:0140662
AAW71288	GO:0003735,GO:0005840,GO:0006412
AAW71259	GO:0005515
AAW70672	GO:0003723
AAW71104	GO:0005886,GO:0015225,GO:0015878
AAW71120	GO:0008299
AAW70803	GO:0005515
AAW71241	GO:0005525,GO:0003924,GO:0003746,GO:0006414
AAW71003	GO:0004362,GO:0097573,GO:0045454
AAW71390	.
AAW70713	.
AAW71014	GO:0004609,GO:0008654
AAW71351	GO:0003824,GO:0006412,GO:0030956,GO:0050567
AAW70939	GO:0042026,GO:0140662,GO:0005524,GO:0006457
AAW70937	GO:0005515
AAW71116	GO:0003723,GO:0005524,GO:0006353,GO:0008186,GO:0003676
AAW70901	GO:0008686,GO:0009231
AAW71237	GO:0003735,GO:0006412,GO:0015934
AAW70733	.
AAW71058	GO:0004318,GO:0006633
AAW70833	GO:0016616,GO:0019752,GO:0003824,GO:0016491
AAW70932	GO:0003924,GO:0005525,GO:0003746,GO:0006414
AAW71150	GO:0003677,GO:0006310,GO:0015074
AAW71217	GO:0016491
AAW71382	GO:0030255
AAW70650	GO:0003677,GO:0030527
AAW71190	GO:0005525,GO:0003924
AAW71069	GO:0005515
AAW70965	.
AAW70996	GO:0004807,GO:0006096
AAW70628	.
AAW70900	GO:0004222,GO:0006508,GO:0005515
AAW71063	GO:0016491
AAW70955	GO:0004450,GO:0006097,GO:0006099,GO:0046872,GO:0000287,GO:0016616,GO:0051287
AAW70761	GO:0009306,GO:0015450,GO:0016021
AAW71355	.
AAW71195	.
AAW71076	.
AAW70916	GO:0003735,GO:0005840,GO:0006412
AAW70910	GO:0004017,GO:0005524,GO:0016776,GO:0006139,GO:0019205
AAW70856	GO:0016491,GO:0009263
AAW70597	GO:0004372,GO:0019264,GO:0030170,GO:0035999,GO:0003824
AAW71002	.
AAW71386	.
AAW71180	.
AAW70652	.
AAW70786	GO:0005975,GO:0016853,GO:0006744,GO:0008425
AAW70674	GO:0009403,GO:0016020
AAW70782	GO:0003723,GO:0003743,GO:0006413
AAW70950	.
AAW70700	GO:0004149,GO:0006099,GO:0045252,GO:0016746
AAW71170	GO:0005515
AAW71254	GO:0003824,GO:0004739,GO:0006086
AAW70828	.
AAW70881	GO:0006229,GO:0008829
AAW70788	GO:0006814,GO:0015655,GO:0016020,GO:0032328
AAW71251	GO:0003735,GO:0006412,GO:0015935,GO:0019843,GO:0003723
AAW71105	GO:0016491
AAW70701	.
AAW70891	GO:0003735,GO:0005840,GO:0006412
AAW70600	GO:0003676
AAW70837	GO:0003723,GO:0000166,GO:0004812,GO:0005524,GO:0006418,GO:0004831,GO:0006437
AAW70604	GO:0003676,GO:0005524,GO:0016874,GO:0004812,GO:0005737,GO:0000166,GO:0006418
AAW71081	GO:0003824,GO:0004121,GO:0006520,GO:0019346,GO:0030170
AAW70899	GO:0004316,GO:0006633,GO:0051287,GO:0016491
AAW70779	GO:0016021,GO:0032977
AAW70936	.
AAW71319	.
AAW71361	GO:0005515,GO:0003677,GO:0005524,GO:0006289,GO:0009380,GO:0016887,GO:0016787
AAW71223	GO:0003676,GO:0005524
AAW70767	GO:0003677,GO:0006260
AAW70634	GO:0016620,GO:0051287,GO:0008652,GO:0046983,GO:0004073,GO:0009086,GO:0009088,GO:0009089,GO:0009097,GO:0050661
AAW70991	GO:0004619,GO:0006007,GO:0005737,GO:0030145,GO:0003824,GO:0046872
AAW70813	.
AAW70935	GO:0003735,GO:0006412,GO:0015935,GO:0005840
AAW70686	.
AAW71338	GO:0005524
AAW71305	GO:0004550,GO:0006165,GO:0006183,GO:0006228,GO:0006241
AAW71218	GO:0006508,GO:0070006,GO:0005737,GO:0019538,GO:0030145
AAW71166	GO:0015232,GO:0015886,GO:0016020,GO:0017004
AAW71323	GO:0004108,GO:0005737,GO:0046912
AAW71124	GO:0006364
AAW71231	GO:0008963,GO:0016020,GO:0016021
AAW70875	GO:0017004,GO:0020037,GO:0015232,GO:0015886,GO:0016020
AAW71285	GO:0004520,GO:0006281,GO:0006310,GO:0003676
AAW70823	GO:0004642,GO:0006189
AAW71350	GO:0016021,GO:0055085
AAW70692	.
AAW70987	.
AAW70873	.
AAW70944	GO:0005737
AAW70934	GO:0003735,GO:0006412,GO:0015935,GO:0003723
AAW70668	.
AAW70855	GO:0016020,GO:0017038,GO:0005524,GO:0006605,GO:0006886
AAW70886	GO:0016021
AAW71004	GO:0008531,GO:0009231,GO:0003919
AAW71016	GO:0003723,GO:0009982,GO:0001522,GO:0009451
AAW71203	GO:0006633,GO:0003824,GO:0016747
AAW70905	GO:0003676
AAW70951	GO:0004822,GO:0004812,GO:0006418,GO:0000166,GO:0005524,GO:0006428,GO:0002161,GO:0000049
AAW70812	GO:0046872,GO:0004222,GO:0006508
AAW71342	GO:0009055,GO:0016021,GO:0016020,GO:0022904
AAW70738	GO:0016209,GO:0016491
AAW70865	GO:0005524,GO:0006270,GO:0006275,GO:0043565,GO:0003677,GO:0003688
AAW70675	.
AAW71078	.
AAW70911	GO:0015031,GO:0016020
AAW70669	GO:0004827,GO:0005524,GO:0005737,GO:0006433,GO:0000166,GO:0004812,GO:0006418
AAW71070	.
AAW70877	GO:0006281,GO:0006310
AAW71049	GO:0003723,GO:0004826,GO:0000049,GO:0000287,GO:0005524,GO:0006432
AAW71343	GO:0005525,GO:0006614
AAW70947	GO:0022857,GO:0055085
AAW70945	GO:0005525
AAW70607	GO:0016021,GO:0051301,GO:0008360
AAW71308	.
AAW71344	GO:0005506,GO:0016226,GO:0051536
AAW70874	GO:0008168,GO:0006479,GO:0008276,GO:0003676,GO:0032259
AAW71295	GO:0003676
AAW70794	GO:0005524,GO:0016021,GO:0055085,GO:0140359
AAW71329	GO:0006231,GO:0050660,GO:0050797
AAW71393	GO:0006412
AAW71079	GO:0005507
AAW70990	GO:0004314,GO:0016740
AAW71245	GO:0003735,GO:0005840,GO:0006412,GO:0019843
AAW70825	GO:0005975,GO:0016857,GO:0004750,GO:0006098
AAW71046	GO:0015078,GO:0015986,GO:0045263
AAW71297	GO:0004109,GO:0006779
AAW71309	.
AAW70940	.
AAW70893	.
AAW70879	GO:0006508,GO:0009002,GO:0004180
AAW71273	GO:0016491,GO:0004324
AAW70883	GO:0015095,GO:0015693,GO:0016020,GO:0006812,GO:0008324
AAW70606	GO:0005524,GO:0017004,GO:0022857
AAW71125	GO:0003743,GO:0005525,GO:0006413,GO:0003924
AAW70820	GO:0003735,GO:0005840,GO:0006412
AAW71107	GO:0003824
AAW70878	.
AAW71233	GO:0016020
AAW70679	GO:0000166,GO:0004826,GO:0005524,GO:0005737,GO:0006432,GO:0000049,GO:0004812,GO:0043039
AAW71328	GO:0016765,GO:0003824,GO:0008760,GO:0019277
AAW70871	GO:0043684,GO:0044097
AAW71378	GO:0004588,GO:0019856,GO:0006221
AAW71326	GO:0006633
AAW70884	GO:0006415,GO:0005737,GO:0016149,GO:0003747
AAW71028	.
AAW70595	.
AAW70598	.
AAW70601	.
AAW70605	.
AAW70621	.
AAW70622	.
AAW70626	.
AAW70639	.
AAW70657	.
AAW70658	.
AAW70659	.
AAW70661	.
AAW70673	.
AAW70676	.
AAW70677	.
AAW70678	.
AAW70681	.
AAW70682	.
AAW70683	.
AAW70687	.
AAW70688	.
AAW70696	.
AAW70697	.
AAW70698	.
AAW70707	.
AAW70726	.
AAW70727	.
AAW70728	.
AAW70730	.
AAW70732	.
AAW70740	.
AAW70747	.
AAW70748	.
AAW70752	.
AAW70753	.
AAW70754	.
AAW70757	.
AAW70776	.
AAW70789	.
AAW70791	.
AAW70795	.
AAW70804	.
AAW70805	.
AAW70809	.
AAW70810	.
AAW70815	.
AAW70821	.
AAW70838	.
AAW70850	.
AAW70851	.
AAW70853	.
AAW70854	.
AAW70859	.
AAW70863	.
AAW70942	.
AAW70954	.
AAW70956	.
AAW70957	.
AAW70966	.
AAW70969	.
AAW71010	.
AAW71025	.
AAW71032	.
AAW71039	.
AAW71042	.
AAW71054	.
AAW71055	.
AAW71056	.
AAW71065	.
AAW71066	.
AAW71067	.
AAW71075	.
AAW71094	.
AAW71099	.
AAW71101	.
AAW71103	.
AAW71110	.
AAW71111	.
AAW71114	.
AAW71151	.
AAW71152	.
AAW71178	.
AAW71183	.
AAW71191	.
AAW71198	.
AAW71214	.
AAW71215	.
AAW71228	.
AAW71243	.
AAW71253	.
AAW71270	.
AAW71271	.
AAW71275	.
AAW71281	.
AAW71290	.
AAW71291	.
AAW71300	.
AAW71301	.
AAW71306	.
AAW71312	.
AAW71331	.
AAW71332	.
AAW71336	.
AAW71337	.
AAW71339	.
AAW71349	.
AAW71353	.
AAW71364	.
AAW71367	.
AAW71368	.
AAW71380	.
